property_id,property_code,location_state,location_lga,location_micro,asset_type,asking_price,estimated_annual_rent,title_status,property_condition,year_built,floor_area_sqm,lease_term_years,market_index_id,is_prime_location,is_preferred_asset_type,triggers_anchoring_rule,is_heuristic_eligible,pencom_lease_compliant,total_acquisition_cost,effective_rent,maintenance_cost,noi,cap_rate,expected_return,total_volatility,sharpe_ratio
PROP_01,OAU-PROP_01,Lagos,Oshodi-Isolo,Oshodi,Residential,1120552621.68,59336573.5,C of O,New,2026,1352.6,1,LG_RES_PRM,False,False,True,False,True,1344663146.02,55776379.09,8900486.03,46875893.06,0.034861,0.247707,0.130651,1.25301
PROP_02,OAU-PROP_02,Lagos,Eti-Osa,Lekki Phase 1,Commercial,421633438.62,30087650.28,C of O,Fair,2011,2819.29,5,LG_RET_ISL,True,True,False,False,False,505960126.34,28884144.27,3008765.03,25875379.24,0.051141,0.07208,0.135374,-0.088052
PROP_03,OAU-PROP_03,Lagos,Ikeja,Oregun,Industrial,423777847.62,38556237.93,C of O,Good,2016,1213.5,12,LG_IND_MLN,False,False,False,True,True,508533417.14,36628426.03,3084499.03,33543927.0,0.065962,0.157152,0.058945,1.241016
PROP_04,OAU-PROP_04,Lagos,Oshodi-Isolo,Oshodi,Industrial,441376293.17,43077224.13,Gazette,Needs Renovation,2003,2510.75,10,LG_IND_MLN,False,False,False,False,True,529651551.8,40923362.92,3446177.93,37477184.99,0.070758,0.161948,0.113945,0.684082
PROP_05,OAU-PROP_05,Lagos,Eti-Osa,Victoria Island,Office,744973252.29,64537128.07,C of O,Fair,2007,2932.86,10,LG_OFF_ISL,True,True,False,False,True,893967902.75,61310271.67,6453712.81,54856558.86,0.061363,0.181363,0.02692,3.616696
PROP_06,OAU-PROP_06,Lagos,Ikeja,Oregun,Office,933595093.82,91981834.24,C of O,New,2026,1953.3,5,LG_OFF_ISL,False,True,True,False,False,1120314112.58,87382742.53,9198183.42,78184559.1,0.069788,0.189788,0.01192,8.874521
PROP_07,OAU-PROP_07,Lagos,Eti-Osa,Lekki Phase 1,Office,328240856.48,24480424.53,C of O,Good,2016,1628.87,5,LG_OFF_ISL,True,True,False,True,False,393889027.78,23256403.3,2448042.45,20808360.85,0.052828,0.172828,0.01692,5.249748
PROP_08,OAU-PROP_08,Kano,Fagge,Sharada,Office,573599375.27,46262666.61,C of O,Good,2016,1203.97,12,KN_IND_NTH,False,True,False,True,True,659639281.56,43949533.28,4626266.66,39323266.62,0.059613,0.082998,0.045933,-0.021822
PROP_09,OAU-PROP_09,Lagos,Eti-Osa,Ikoyi,Mixed-Use,240533459.94,16821171.07,C of O,New,2025,1704.2,1,LG_RES_PRM,True,False,False,True,True,288640151.93,15811900.81,2018540.53,13793360.28,0.047787,0.260634,0.130651,1.35195
PROP_10,OAU-PROP_10,Lagos,Lagos Island,Marina,Residential,981182116.94,40817154.8,Excision,Good,2016,935.85,1,LG_RES_PRM,True,False,True,False,True,1177418540.33,38368125.51,6122573.22,32245552.29,0.027387,0.240233,0.185651,0.841541
PROP_11,OAU-PROP_11,Rivers,Port Harcourt,GRA Phase 2,Industrial,218068290.53,20095275.69,Gov Consent,New,2024,6988.22,5,PH_COM_OIL,False,False,False,True,False,250778534.11,19090511.91,1607622.06,17482889.85,0.069714,0.123144,0.096262,0.406636
PROP_12,OAU-PROP_12,Abuja,Municipal,Jabi,Commercial,497376559.49,32338297.11,C of O,Good,2017,2104.5,5,AB_RET_CEN,True,True,False,True,False,571983043.41,31044765.23,3233829.71,27810935.51,0.048622,0.124971,0.069208,0.591993
PROP_13,OAU-PROP_13,Kano,Fagge,Sharada,Commercial,513056720.53,45873439.17,Gov Consent,Good,2017,2686.34,7,KN_IND_NTH,False,True,False,True,True,590015228.61,44038501.6,4587343.92,39451157.69,0.066865,0.090249,0.050933,0.122692
PROP_14,OAU-PROP_14,Abuja,Municipal,Asokoro,Mixed-Use,587548121.35,37254434.71,Gazette,Fair,2007,1402.29,1,AB_RET_CEN,True,False,False,False,True,675680339.55,35019168.63,4470532.17,30548636.46,0.045212,0.121561,0.109208,0.343935
PROP_15,OAU-PROP_15,Kano,Nassarawa,Bompai,Commercial,1143140838.95,124681490.39,Gazette,Fair,2007,3521.92,7,KN_IND_NTH,False,True,True,False,True,1314611964.79,119694230.77,12468149.04,107226081.74,0.081565,0.104949,0.085933,0.243786
PROP_16,OAU-PROP_16,Abuja,Municipal,Garki,Residential,2335005310.09,110693468.71,Gov Consent,Good,2019,367.05,1,AB_RET_CEN,True,False,True,False,True,2685256106.6,104051860.59,16604020.31,87447840.28,0.032566,0.108915,0.074208,0.335742
PROP_17,OAU-PROP_17,Oyo,Ibadan North-West,Dugbe,Residential,595412078.79,33248055.69,C of O,Fair,2007,1266.55,1,LG_RES_PRM,False,False,False,False,True,684723890.61,31253172.35,4987208.35,26265964.0,0.03836,0.251206,0.145651,1.147992
PROP_18,OAU-PROP_18,Rivers,Port Harcourt,GRA Phase 1,Industrial,614198687.62,54763678.93,C of O,Fair,2013,1661.1,12,PH_COM_OIL,False,False,False,False,True,706328490.76,52025494.98,4381094.31,47644400.67,0.067454,0.120883,0.106262,0.347093
PROP_19,OAU-PROP_19,Rivers,Port Harcourt,GRA Phase 2,Commercial,2188581933.86,158929767.67,Gov Consent,Good,2019,2853.81,5,PH_COM_OIL,False,True,True,False,False,2516869223.94,152572576.96,15892976.77,136679600.2,0.054305,0.107735,0.101262,0.234388
PROP_20,OAU-PROP_20,Abuja,Municipal,Jabi,Commercial,194914144.4,15318144.61,C of O,Good,2019,1654.01,5,AB_RET_CEN,True,True,False,True,False,224151266.06,14705418.83,1531814.46,13173604.36,0.058771,0.13512,0.069208,0.738639
PROP_21,OAU-PROP_21,Lagos,Eti-Osa,Ikoyi,Office,519468680.59,34128379.14,C of O,Good,2021,3877.77,12,LG_OFF_ISL,True,True,False,True,True,623362416.71,32421960.18,3412837.91,29009122.27,0.046537,0.166537,0.01692,4.877922
PROP_22,OAU-PROP_22,Kano,Nassarawa,Bompai,Industrial,390468349.96,35946818.2,C of O,Good,2021,5758.91,3,KN_IND_NTH,False,False,False,True,False,449038602.45,34149477.29,2875745.46,31273731.83,0.069646,0.09303,0.045933,0.196599
PROP_23,OAU-PROP_23,Lagos,Eti-Osa,Ikoyi,Office,645572770.74,48943773.76,C of O,New,2025,2773.64,7,LG_OFF_ISL,True,True,False,True,True,774687324.89,46496585.07,4894377.38,41602207.7,0.053702,0.173702,0.01192,7.525061
PROP_24,OAU-PROP_24,Abuja,Municipal,Maitama,Residential,671675400.59,31542017.49,Excision,Good,2019,269.53,1,AB_RET_CEN,True,False,False,False,True,772426710.68,29649496.44,4731302.62,24918193.82,0.03226,0.108609,0.119208,0.206433
PROP_25,OAU-PROP_25,Abuja,Municipal,Wuse II,Office,224210286.95,19952099.96,Gov Consent,Good,2020,2718.62,10,AB_OFF_CEN,True,True,False,True,True,257841829.99,18954494.96,1995210.0,16959284.97,0.065774,0.103343,0.022542,0.858086
PROP_26,OAU-PROP_26,Kano,Nassarawa,Bompai,Industrial,199868595.16,20959768.73,Gov Consent,Fair,2010,6541.05,7,KN_IND_NTH,False,False,False,False,True,229848884.43,19911780.29,1676781.5,18234998.8,0.079335,0.102719,0.060933,0.307209
PROP_27,OAU-PROP_27,Abuja,Municipal,Jabi,Commercial,1284275181.89,110271779.41,Gov Consent,New,2023,1663.29,15,AB_RET_CEN,True,True,True,False,True,1476916459.17,105860908.23,11027177.94,94833730.29,0.064211,0.14056,0.069208,0.817236
PROP_28,OAU-PROP_28,Rivers,Port Harcourt,Trans-Amadi,Industrial,1897705848.18,149384698.6,C of O,Needs Renovation,2001,3982.64,5,PH_COM_OIL,False,False,True,False,False,2182361725.41,141915463.67,11950775.89,129964687.78,0.059552,0.112982,0.121262,0.238999
PROP_29,OAU-PROP_29,Lagos,Eti-Osa,Victoria Island,Residential,1571636282.46,62865451.3,C of O,Good,2019,305.75,1,LG_RES_PRM,True,False,True,False,True,1885963538.95,59093524.22,9429817.69,49663706.53,0.026333,0.23918,0.135651,1.143962
PROP_30,OAU-PROP_30,Abuja,Municipal,Maitama,Residential,920464456.54,40438547.96,C of O,Good,2020,1431.42,1,AB_RET_CEN,True,False,True,False,True,1058534125.02,38012235.08,6065782.19,31946452.89,0.03018,0.106529,0.069208,0.325521
PROP_31,OAU-PROP_31,Rivers,Obio-Akpor,Rumuola,Office,656487956.02,58033938.86,Gazette,Good,2021,3012.82,7,PH_COM_OIL,False,True,False,False,True,754961149.42,55132241.92,5803393.89,49328848.03,0.06534,0.118769,0.126262,0.27537
PROP_32,OAU-PROP_32,Oyo,Ibadan North,Bodija,Office,928809623.69,92343789.2,C of O,Good,2019,551.09,12,LG_OFF_ISL,False,True,True,False,True,1068131067.24,87726599.74,9234378.92,78492220.82,0.073486,0.193486,0.01692,6.470615
PROP_33,OAU-PROP_33,Lagos,Eti-Osa,Lekki Phase 1,Office,603246601.35,55656684.43,Deed of Assignment,Fair,2014,3421.45,10,LG_OFF_ISL,True,True,False,False,True,723895921.62,52873850.21,5565668.44,47308181.77,0.065352,0.185352,0.04692,2.160087
PROP_34,OAU-PROP_34,Rivers,Port Harcourt,GRA Phase 1,Office,704981042.84,50076585.52,Gov Consent,Good,2021,873.01,12,PH_COM_OIL,False,True,False,True,True,810728199.27,47572756.24,5007658.55,42565097.69,0.052502,0.105932,0.101262,0.216582
PROP_35,OAU-PROP_35,Rivers,Port Harcourt,Trans-Amadi,Industrial,1279548772.77,134509862.68,C of O,Good,2016,7433.81,5,PH_COM_OIL,False,False,True,False,False,1471481088.69,127784369.55,10760789.01,117023580.53,0.079528,0.132957,0.096262,0.50858
PROP_36,OAU-PROP_36,Lagos,Eti-Osa,Lekki Phase 1,Residential,843794576.73,36148403.52,Gazette,Good,2020,1018.22,1,LG_RES_PRM,True,False,True,False,True,1012553492.08,33979499.31,5422260.53,28557238.78,0.028203,0.24105,0.165651,0.948074
PROP_37,OAU-PROP_37,Kano,Fagge,Sharada,Residential,333446636.93,21378112.35,C of O,Needs Renovation,2002,959.61,1,KN_IND_NTH,False,False,False,False,True,383463632.47,20095425.61,3206716.85,16888708.76,0.044043,0.067427,0.070933,-0.233645
PROP_38,OAU-PROP_38,Lagos,Eti-Osa,Lekki Phase 2,Office,279429847.24,24707958.44,Excision,Fair,2007,1748.22,10,LG_OFF_ISL,False,True,False,False,True,335315816.69,23472560.52,2470795.84,21001764.67,0.062633,0.182633,0.07692,1.28227
PROP_39,OAU-PROP_39,Abuja,Municipal,Garki,Office,377558284.64,29227926.14,C of O,Good,2016,2121.55,3,AB_OFF_CEN,True,True,False,True,False,434192027.34,27766529.83,2922792.61,24843737.22,0.057218,0.094787,0.017542,0.614936
PROP_40,OAU-PROP_40,Lagos,Eti-Osa,Ikoyi,Commercial,1305582211.47,96636179.41,Gazette,Fair,2010,1880.34,3,LG_RET_ISL,True,True,True,False,False,1566698653.76,92770732.23,9663617.94,83107114.29,0.053046,0.073985,0.165374,-0.06056
PROP_41,OAU-PROP_41,Oyo,Ibadan South-West,Ring Road,Mixed-Use,1295578707.06,105486667.31,Gov Consent,Needs Renovation,1995,482.05,1,LG_RES_PRM,False,False,True,False,True,1489915513.12,99157467.27,12658400.08,86499067.19,0.058056,0.270903,0.165651,1.128292
PROP_42,OAU-PROP_42,Lagos,Eti-Osa,Lekki Phase 1,Office,686618660.15,54336336.88,C of O,Needs Renovation,1991,2350.65,7,LG_OFF_ISL,True,True,False,False,True,823942392.18,51619520.04,5433633.69,46185886.35,0.056055,0.176055,0.04192,2.19594
PROP_43,OAU-PROP_43,Lagos,Eti-Osa,Ikoyi,Office,776087100.66,69248897.7,Deed of Assignment,Good,2016,3873.1,12,LG_OFF_ISL,True,True,False,False,True,931304520.79,65786452.81,6924889.77,58861563.04,0.063203,0.183203,0.03692,2.68695
PROP_44,OAU-PROP_44,Abuja,Municipal,Maitama,Office,482382218.84,32437589.09,Gov Consent,Good,2021,2609.12,10,AB_OFF_CEN,True,True,False,True,True,554739551.67,30815709.64,3243758.91,27571950.73,0.049703,0.087271,0.022542,0.145115
PROP_45,OAU-PROP_45,Lagos,Eti-Osa,Ikoyi,Commercial,456069717.14,35371080.09,Gazette,New,2025,2323.65,12,LG_RET_ISL,True,True,False,False,True,547283660.57,33956236.89,3537108.01,30419128.88,0.055582,0.076521,0.150374,-0.049737
PROP_46,OAU-PROP_46,Kano,Nassarawa,Bompai,Industrial,556022609.23,54628675.3,C of O,Needs Renovation,2004,7613.36,3,KN_IND_NTH,False,False,False,False,False,639426000.61,51897241.53,4370294.02,47526947.51,0.074328,0.097712,0.070933,0.193308
PROP_47,OAU-PROP_47,Lagos,Eti-Osa,Victoria Island,Commercial,1287170818.79,87557439.27,Gazette,Good,2016,1305.19,3,LG_RET_ISL,True,True,True,False,False,1544604982.55,84055141.7,8755743.93,75299397.77,0.04875,0.069689,0.155374,-0.092108
PROP_48,OAU-PROP_48,Abuja,Municipal,Asokoro,Mixed-Use,447973224.66,27771600.16,Excision,Needs Renovation,1992,1087.96,1,AB_RET_CEN,True,False,False,False,True,515169208.36,26105304.15,3332592.02,22772712.13,0.044204,0.120553,0.144208,0.253475
PROP_49,OAU-PROP_49,Oyo,Ibadan South-West,Ring Road,Mixed-Use,439381390.9,40332123.64,C of O,Good,2021,1999.1,1,LG_RES_PRM,False,False,False,True,True,505288599.54,37912196.22,4839854.84,33072341.38,0.065452,0.278299,0.135651,1.432342
PROP_50,OAU-PROP_50,Rivers,Obio-Akpor,Rumuola,Residential,538813264.26,28964003.61,Gov Consent,Good,2020,929.22,1,PH_COM_OIL,False,False,False,True,True,619635253.9,27226163.39,4344600.54,22881562.85,0.036927,0.090357,0.101262,0.062775
PROP_51,OAU-PROP_51,Abuja,Municipal,Jabi,Commercial,675452056.32,51756451.93,C of O,New,2024,2701.7,5,AB_RET_CEN,True,True,False,True,False,776769864.77,49686193.85,5175645.19,44510548.66,0.057302,0.133651,0.064208,0.77328
PROP_52,OAU-PROP_52,Oyo,Ibadan South-West,Ring Road,Mixed-Use,2120493212.25,188428374.63,Gov Consent,Fair,2009,1162.94,1,LG_RES_PRM,False,False,True,False,True,2438567194.09,177122672.15,22611404.96,154511267.2,0.063361,0.276208,0.150651,1.275848
PROP_53,OAU-PROP_53,Lagos,Eti-Osa,Ikoyi,Office,511946428.01,38962340.26,Gov Consent,Fair,2012,2812.95,5,LG_OFF_ISL,True,True,False,False,False,614335713.61,37014223.25,3896234.03,33117989.22,0.053909,0.173909,0.03192,2.816648
PROP_54,OAU-PROP_54,Lagos,Apapa,Apapa Industrial Area,Residential,300178881.98,16217659.0,Gov Consent,Good,2016,1106.93,1,LG_RES_PRM,False,False,False,True,True,360214658.38,15244599.46,2432648.85,12811950.61,0.035568,0.248414,0.140651,1.168949
PROP_55,OAU-PROP_55,Abuja,Municipal,Asokoro,Office,1489161135.14,123607380.04,Gov Consent,Good,2018,3960.13,7,AB_OFF_CEN,True,True,True,False,True,1712535305.41,117427011.04,12360738.0,105066273.03,0.061351,0.09892,0.022542,0.661885
PROP_56,OAU-PROP_56,Lagos,Ikeja,Ikeja GRA,Industrial,1595865603.44,117823519.06,Gazette,Good,2019,4220.83,10,LG_IND_MLN,False,False,True,False,True,1915038724.13,111932343.11,9425881.52,102506461.58,0.053527,0.144717,0.088945,0.682631
PROP_57,OAU-PROP_57,Rivers,Obio-Akpor,Rumuola,Residential,310277536.87,17133064.31,Gazette,New,2026,735.16,1,PH_COM_OIL,False,False,False,False,True,356819167.4,16105080.45,2569959.65,13535120.8,0.037933,0.091362,0.121262,0.060711
PROP_58,OAU-PROP_58,Lagos,Ikeja,Oregun,Commercial,692916807.48,63167035.19,C of O,Good,2017,2566.97,10,LG_RET_ISL,False,True,False,True,True,831500168.98,60640353.78,6316703.52,54323650.26,0.065332,0.086271,0.125374,0.018113
PROP_59,OAU-PROP_59,Abuja,Municipal,Asokoro,Residential,1888890020.78,75555600.83,Gov Consent,Fair,2007,430.11,1,AB_RET_CEN,True,False,True,False,True,2172223523.9,71022264.78,11333340.12,59688924.66,0.027478,0.103827,0.084208,0.235454
PROP_60,OAU-PROP_60,Oyo,Ibadan North,Bodija,Commercial,1050063834.49,98471422.32,Gazette,Good,2016,2212.3,3,LG_RET_ISL,False,True,True,False,False,1207573409.66,94532565.43,9847142.23,84685423.2,0.070129,0.091067,0.155374,0.045486
PROP_61,OAU-PROP_61,Rivers,Port Harcourt,GRA Phase 2,Residential,535404728.34,29146555.21,C of O,Good,2016,306.29,1,PH_COM_OIL,False,False,False,True,True,615715437.59,27397761.9,4371983.28,23025778.62,0.037397,0.090826,0.096262,0.070911
PROP_62,OAU-PROP_62,Lagos,Lagos Island,Marina,Mixed-Use,501321214.4,28483563.99,C of O,New,2025,1946.17,1,LG_RES_PRM,True,False,False,True,True,601585457.28,26774550.15,3418027.68,23356522.47,0.038825,0.251671,0.130651,1.283352
PROP_63,OAU-PROP_63,Abuja,Municipal,Asokoro,Office,204859790.0,19307182.07,Deed of Assignment,New,2024,3919.8,15,AB_OFF_CEN,True,True,False,False,True,235588758.5,18341822.97,1930718.21,16411104.76,0.06966,0.107229,0.032542,0.713813
PROP_64,OAU-PROP_64,Oyo,Ibadan North-West,Dugbe,Mixed-Use,1173339680.14,100632146.04,Gov Consent,Fair,2007,855.36,1,LG_RES_PRM,False,False,True,False,True,1349340632.16,94594217.28,12075857.52,82518359.75,0.061155,0.274001,0.150651,1.261199
PROP_65,OAU-PROP_65,Rivers,Port Harcourt,GRA Phase 2,Mixed-Use,572665616.85,36095128.12,Gov Consent,Good,2020,1079.12,1,PH_COM_OIL,False,False,False,True,True,658565459.38,33929420.43,4331415.37,29598005.06,0.044943,0.098372,0.101262,0.141933
PROP_66,OAU-PROP_66,Kano,Fagge,Sharada,Industrial,1040859491.76,84926235.74,Gov Consent,Needs Renovation,2003,4947.76,10,KN_IND_NTH,False,False,True,False,True,1196988415.52,80679923.95,6794098.86,73885825.09,0.061726,0.085111,0.075933,0.014629
PROP_67,OAU-PROP_67,Kano,Nassarawa,Bompai,Mixed-Use,557889998.58,44586721.32,Excision,New,2025,1794.03,1,KN_IND_NTH,False,False,False,False,True,641573498.37,41911518.04,5350406.56,36561111.48,0.056987,0.080371,0.090933,-0.039909
PROP_68,OAU-PROP_68,Abuja,Municipal,Garki,Office,2822782190.13,260218155.36,C of O,Fair,2006,2916.98,10,AB_OFF_CEN,True,True,True,False,True,3246199518.65,247207247.59,26021815.54,221185432.06,0.068137,0.105705,0.027542,0.788095
PROP_69,OAU-PROP_69,Lagos,Apapa,Apapa Industrial Area,Residential,256024066.74,14992070.74,Excision,New,2026,692.4,1,LG_RES_PRM,False,False,False,False,True,307228880.09,14092546.5,2248810.61,11843735.88,0.03855,0.251397,0.180651,0.926629
PROP_70,OAU-PROP_70,Lagos,Eti-Osa,Victoria Island,Commercial,1024689537.3,59808031.9,C of O,New,2023,1279.67,3,LG_RET_ISL,True,True,True,False,False,1229627444.76,57415710.62,5980803.19,51434907.43,0.04183,0.062769,0.120374,-0.176379
PROP_71,OAU-PROP_71,Rivers,Port Harcourt,GRA Phase 1,Commercial,228879222.0,18406215.49,Excision,Good,2019,766.42,15,PH_COM_OIL,False,True,False,False,True,263211105.3,17669966.87,1840621.55,15829345.32,0.060139,0.113569,0.146262,0.202162
PROP_72,OAU-PROP_72,Lagos,Apapa,Apapa Industrial Area,Industrial,202814314.99,21208254.48,C of O,Good,2021,1615.21,15,LG_IND_MLN,False,False,False,True,True,243377177.99,20147841.76,1696660.36,18451181.4,0.075813,0.167003,0.058945,1.408139
PROP_73,OAU-PROP_73,Lagos,Eti-Osa,Ikoyi,Office,236637693.99,20475505.49,C of O,Good,2017,2708.37,7,LG_OFF_ISL,True,True,False,True,True,283965232.79,19451730.22,2047550.55,17404179.67,0.06129,0.18129,0.01692,5.749845
PROP_74,OAU-PROP_74,Lagos,Ikeja,Oregun,Commercial,1269246154.1,99475596.52,Excision,Good,2021,1407.92,10,LG_RET_ISL,False,True,True,False,True,1523095384.92,95496572.66,9947559.65,85549013.01,0.056168,0.077107,0.175374,-0.039306
PROP_75,OAU-PROP_75,Oyo,Ibadan North-West,Dugbe,Residential,1270466086.26,84774244.67,Gazette,Fair,2006,459.36,1,LG_RES_PRM,False,False,True,False,True,1461035999.2,79687789.99,12716136.7,66971653.29,0.045838,0.258685,0.175651,0.994499
PROP_76,OAU-PROP_76,Lagos,Ikeja,Oregun,Industrial,531512824.58,44908377.0,C of O,New,2025,6374.46,10,LG_IND_MLN,False,False,False,True,True,637815389.5,42662958.15,3592670.16,39070287.99,0.061256,0.152446,0.053945,1.268811
PROP_77,OAU-PROP_77,Rivers,Port Harcourt,GRA Phase 1,Commercial,223135489.02,18057328.4,Gov Consent,New,2024,2317.32,12,PH_COM_OIL,False,True,False,True,True,256605812.37,17335035.26,1805732.84,15529302.42,0.060518,0.113947,0.096262,0.311102
PROP_78,OAU-PROP_78,Kano,Kano Municipal,Kano City Centre,Commercial,619642970.98,51336542.2,Deed of Assignment,Good,2019,2376.12,3,KN_IND_NTH,False,True,False,False,False,712589416.63,49283080.51,5133654.22,44149426.29,0.061956,0.085341,0.065933,0.020335
PROP_79,OAU-PROP_79,Lagos,Eti-Osa,Lekki Phase 1,Office,604825802.32,55361247.37,C of O,Good,2021,3566.76,7,LG_OFF_ISL,True,True,False,True,True,725790962.78,52593185.0,5536124.74,47057060.26,0.064836,0.184836,0.01692,5.959398
PROP_80,OAU-PROP_80,Rivers,Port Harcourt,GRA Phase 2,Industrial,1233200902.12,126681341.09,C of O,Good,2017,1746.89,15,PH_COM_OIL,False,False,True,False,True,1418181037.44,120347274.04,10134507.29,110212766.75,0.077714,0.131143,0.096262,0.48974
