index_code,year,capital_apprc,rental_yield,annual_return,is_simulated,data_source
LG_OFF_ISL,2018,,0.08583333333333333,0.08583333333333333,False,Aggregated Reports
LG_OFF_ISL,2019,0.165,0.07185714285714286,0.11900000000000001,False,Aggregated Reports
LG_OFF_ISL,2020,,0.09,0.09,False,Aggregated Reports
LG_OFF_ISL,2021,0.075,0.0875,0.08333333333333333,False,Aggregated Reports
LG_OFF_ISL,2022,,0.09066666666666667,0.09066666666666667,False,Aggregated Reports
LG_OFF_ISL,2023,,0.09,0.09,False,Aggregated Reports
LG_OFF_ISL,2024,,0.09000000000000001,0.09000000000000001,False,Aggregated Reports
LG_RET_ISL,2018,,0.07,0.07,False,Aggregated Reports
LG_RET_ISL,2019,0.165,0.034,0.199,False,Aggregated Reports
LG_RET_ISL,2020,-0.184,,-0.184,False,Aggregated Reports
LG_RET_ISL,2021,0.08181651937662436,0.05454434625108291,0.13636086562770727,True,GBM Backfill
LG_RET_ISL,2022,,0.085,0.085,False,Aggregated Reports
LG_RET_ISL,2023,,0.09,0.09,False,Aggregated Reports
LG_RET_ISL,2024,,0.0975,0.0975,False,Aggregated Reports
LG_IND_MLN,2018,,0.0975,0.0975,False,Aggregated Reports
LG_IND_MLN,2019,0.04889293492346439,0.03259528994897626,0.08148822487244065,True,GBM Backfill
LG_IND_MLN,2020,0.08964452973668732,0.059763019824458224,0.14940754956114555,True,GBM Backfill
LG_IND_MLN,2021,0.13503091037497056,0.09002060691664704,0.2250515172916176,True,GBM Backfill
LG_IND_MLN,2022,,0.09000000000000001,0.09000000000000001,False,Aggregated Reports
LG_IND_MLN,2023,,0.0825,0.0825,False,Aggregated Reports
LG_IND_MLN,2024,,0.0825,0.0825,False,Aggregated Reports
LG_RES_PRM,2018,0.0703625,0.03625,0.06835588235294118,False,Aggregated Reports
LG_RES_PRM,2019,0.05429047619047619,0.05468636363636364,0.06220178571428571,False,Aggregated Reports
LG_RES_PRM,2020,0.057920000000000006,0.048999999999999995,0.07308,False,Aggregated Reports
LG_RES_PRM,2021,0.1542714285714286,0.03775,0.13970625,False,Aggregated Reports
LG_RES_PRM,2022,0.51308,0.059375,0.38344999999999996,False,Aggregated Reports
LG_RES_PRM,2023,0.46499999999999997,0.043875,0.324625,False,Aggregated Reports
LG_RES_PRM,2024,0.17500000000000002,0.05,0.14375,False,Aggregated Reports
AB_OFF_CEN,2018,0.0,0.09500000000000001,0.07125000000000001,False,Aggregated Reports
AB_OFF_CEN,2019,0.0,0.09,0.06,False,Aggregated Reports
AB_OFF_CEN,2020,0.1,0.095,0.0975,False,Aggregated Reports
AB_OFF_CEN,2021,0.043921093768169724,0.02928072917877982,0.07320182294694955,True,GBM Backfill
AB_OFF_CEN,2022,,0.08,0.08,False,Aggregated Reports
AB_OFF_CEN,2023,0.04392194502850837,0.02928129668567225,0.07320324171418062,True,GBM Backfill
AB_OFF_CEN,2024,,0.09,0.09,False,Aggregated Reports
AB_RET_CEN,2018,,0.09,0.09,False,Aggregated Reports
AB_RET_CEN,2019,0.13794399252217207,0.09196266168144805,0.2299066542036201,True,GBM Backfill
AB_RET_CEN,2020,0.09585336061604072,0.06390224041069381,0.15975560102673453,True,GBM Backfill
AB_RET_CEN,2021,0.03171971727232581,0.021146478181550542,0.05286619545387635,True,GBM Backfill
AB_RET_CEN,2022,,0.09,0.09,False,Aggregated Reports
AB_RET_CEN,2023,0.0841936253086847,0.05612908353912314,0.14032270884780784,True,GBM Backfill
AB_RET_CEN,2024,0.03203375634910349,0.021355837566069,0.05338959391517249,True,GBM Backfill
PH_COM_OIL,2018,0.25,0.095,0.1725,False,Aggregated Reports
PH_COM_OIL,2019,0.0,,0.0,False,Aggregated Reports
PH_COM_OIL,2020,0.1,,0.1,False,Aggregated Reports
PH_COM_OIL,2021,0.031913876175030345,0.02127591745002023,0.05318979362505057,True,GBM Backfill
PH_COM_OIL,2022,0.06860765374013322,0.04573843582675549,0.11434608956688871,True,GBM Backfill
PH_COM_OIL,2023,-0.043141506459799125,-0.02876100430653275,-0.07190251076633188,True,GBM Backfill
PH_COM_OIL,2024,-0.03337492974652453,-0.022249953164349686,-0.05562488291087421,True,GBM Backfill
KN_IND_NTH,2018,0.0,,0.0,False,Aggregated Reports
KN_IND_NTH,2019,0.0263,,0.0263,False,Aggregated Reports
KN_IND_NTH,2020,0.0256,,0.0256,False,Aggregated Reports
KN_IND_NTH,2021,0.026907362865854635,0.01793824191056976,0.044845604776424394,True,GBM Backfill
KN_IND_NTH,2022,0.003546712006772373,0.0023644746711815826,0.005911186677953956,True,GBM Backfill
KN_IND_NTH,2023,0.07235562864514364,0.0482370857634291,0.12059271440857273,True,GBM Backfill
KN_IND_NTH,2024,0.008980949292251416,0.005987299528167612,0.014968248820419028,True,GBM Backfill
