Timestamp,A1,A2,A3,A4,A5,A6,B1_loc,B1_title,B1_yield,B1_tenant,B1_cond,B1_peer,B1_valuer,B1_liq,B2,B3,B4,C1,C2,C3,C4,D1,D1b,D2,D2b,D3,D4,D4a,D4b,D4c
2026/05/10 6:05:11 am CET,Portfolio Manager/Fund Manager,More than 15 years,Above ₦2 trillion,11 - 25 properties,No — I do not directly participate in property selection,"Yes, partially — quantitative modelling is used alongside professional judgement",3,4,7,6,5,8,1,2,Strongly Agree,Strongly Agree,Agree,1,5,5,4,"A combination of committee approval and senior sign-off, depending on deal size","This varies considerably, and there is no standard process",5,Absence of reliable transaction price databases for Nigerian property;Difficulty obtaining comparable transactions with disclosed pricing;Lack of standardised property valuation and appraisal indices;Weak or inconsistent title documentation on prospective properties,"Access to a reliable, comprehensive Nigerian real estate return and transaction database",Investment committee preference for experienced judgment over model outputs,Very Likely,The tool is specifically validated against Nigerian Market Data;It integrates directly with PenCom regulatory limits and flags compliance in real-time,Cost is not the primary consideration — Adoption depends on demonstrated value
2026/05/11 8:39:08 pm CET,Investment Analyst,3-5 years,Above ₦2 trillion,11 - 25 properties,No — I do not directly participate in property selection,I am not aware of this,5,1,4,7,2,8,6,3,Agree,Agree,Neutral,4,5,4,3,An investment committee reviews and formally approves all acquisition recommendations,"This varies considerably, and there is no standard process",4,Unreliable macroeconomic projections for use in scenario modelling;Weak or inconsistent title documentation on prospective properties;No publicly available capital appreciation benchmarks,"Access to a reliable, comprehensive Nigerian real estate return and transaction database",Time pressure (acquisition decisions must be made faster than analysis allows);Regulatory uncertainty that makes long-term projections unreliable,Very Likely,It integrates directly with PenCom regulatory limits and flags compliance in real-time,Cost is not the primary consideration — Adoption depends on demonstrated value
2026/05/16 8:08:48 am CET,Insurance practitioner ,More than 15 years,₦500 billion – ₦2 trillion,4 - 10 properties,No — I do not directly participate in property selection,I am not aware of this,3,1,5,8,2,7,6,4,Strongly Disagree,Strongly Agree,Disagree,4,5,5,4,"A combination of committee approval and senior sign-off, depending on deal size","This varies considerably, and there is no standard process",5,Absence of reliable transaction price databases for Nigerian property;Limited historical rental yield data by submarket and property type;Lack of standardised property valuation and appraisal indices,No change required (our current process is adequate for our needs),Established organisational precedent (prior acquisitions set the template),Very Likely,The tool is specifically validated against Nigerian Market Data;It integrates directly with PenCom regulatory limits and flags compliance in real-time,Cost is not the primary consideration — Adoption depends on demonstrated value
2026/05/16 7:00:09 pm CET,Real Estate Asset Manager ,6-10 years,Below ₦500 billion,4 - 10 properties,"Yes — I provide analysis and recommendations that inform decisions, but final authority rests elsewhere","Yes, fully — quantitative modelling is the primary basis for selection decisions",2,1,3,4,5,8,7,6,Strongly Agree,Agree,Neutral,5,5,5,3,An investment committee reviews and formally approves all acquisition recommendations,Three stages,1,Unreliable macroeconomic projections for use in scenario modelling,Clearer regulatory guidance from PenCom on real estate performance benchmarking,Established organisational precedent (prior acquisitions set the template);High deal complexity that resists standardised modelling,Very Likely,The tool is specifically validated against Nigerian Market Data;It integrates directly with PenCom regulatory limits and flags compliance in real-time;It requires no significant technical expertise to operate;It is endorsed by a recognized industry body,₦2 - 5 miliion per year
2026/05/20 3:31:32 pm CET,Risk and Compliance Manager,6-10 years,Below ₦500 billion,None (our fund does not currently hold direct property),"Yes — I provide analysis and recommendations that inform decisions, but final authority rests elsewhere","Yes, fully — quantitative modelling is the primary basis for selection decisions",3,1,5,6,2,7,8,4,Neutral,Strongly Disagree,Agree,2,5,4,4,"A combination of committee approval and senior sign-off, depending on deal size","This varies considerably, and there is no standard process",5,Difficulty obtaining comparable transactions with disclosed pricing;Lack of standardised property valuation and appraisal indices;Weak or inconsistent title documentation on prospective properties,"Access to a reliable, comprehensive Nigerian real estate return and transaction database",Investment committee preference for experienced judgment over model outputs,Neutral,It requires no significant technical expertise to operate,Cost is not the primary consideration — Adoption depends on demonstrated value
2026/06/21 11:41:49 am CET,Portfolio Manager/Fund Manager,6-10 years,₦500 billion – ₦2 trillion,4 - 10 properties,"Yes — I provide analysis and recommendations that inform decisions, but final authority rests elsewhere","Yes, partially — quantitative modelling is used alongside professional judgement",3,2,1,6,4,5,7,8,Disagree,Agree,Neutral,4,5,4,3,An investment committee reviews and formally approves all acquisition recommendations,Three stages,4,Absence of reliable transaction price databases for Nigerian property;Difficulty obtaining comparable transactions with disclosed pricing;Lack of standardised property valuation and appraisal indices;Weak or inconsistent title documentation on prospective properties;Insufficient occupancy rate data by asset class and location,Clearer regulatory guidance from PenCom on real estate performance benchmarking,Peer PFA behaviour providing a practical benchmark in the absence of data;Absence of reliable market data to support a quantitative approach;Established organisational precedent (prior acquisitions set the template);Regulatory uncertainty that makes long-term projections unreliable,Very Likely,The tool is specifically validated against Nigerian Market Data;It integrates directly with PenCom regulatory limits and flags compliance in real-time;It is endorsed by a recognized industry body,₦2 - 5 miliion per year
2026/07/14 5:44:55 pm CET,Fund Accountant,6-10 years,Above ₦2 trillion,More than 25 properties,No — I do not directly participate in property selection,I am not aware of this,1,2,3,4,5,6,8,7,Strongly Agree,Agree,Neutral,3,5,3,3,A dedicated real estate or property investment team reaches a consensus decision,Three stages,5,Difficulty obtaining comparable transactions with disclosed pricing;Unreliable macroeconomic projections for use in scenario modelling;Lack of standardised property valuation and appraisal indices;Weak or inconsistent title documentation on prospective properties;No significant data gaps — available data meets our analytical needs,"Access to a reliable, comprehensive Nigerian real estate return and transaction database",Absence of reliable market data to support a quantitative approach;Lack of in-house quantitative or modelling expertise;High deal complexity that resists standardised modelling;Investment committee preference for experienced judgment over model outputs,Somewhat Likely,The tool is specifically validated against Nigerian Market Data;It integrates directly with PenCom regulatory limits and flags compliance in real-time;It is endorsed by a recognized industry body,Cost is not the primary consideration — Adoption depends on demonstrated value
2026/07/14 5:51:41 pm CET,Custody Specialist ,Less than 3 years,Prefer not to say,11 - 25 properties,No — I do not directly participate in property selection,No — selection decisions are based primarily or entirely on judgement and experience,6,8,7,4,5,1,2,3,Strongly Disagree,Disagree,Disagree,5,5,5,5,Senior management or the CIO makes the final decision based on a team recommendation,Three stages,4,Weak or inconsistent title documentation on prospective properties,Clearer regulatory guidance from PenCom on real estate performance benchmarking,Time pressure (acquisition decisions must be made faster than analysis allows);Peer PFA behaviour providing a practical benchmark in the absence of data;Established organisational precedent (prior acquisitions set the template),Very Likely,It integrates directly with PenCom regulatory limits and flags compliance in real-time,Cost is not the primary consideration — Adoption depends on demonstrated value
2026/07/14 5:52:48 pm CET,Settlement Officer ,Less than 3 years,Above ₦2 trillion,None (our fund does not currently hold direct property),No — I do not directly participate in property selection,I am not aware of this,4,2,3,6,5,8,7,1,Disagree,Strongly Agree,Agree,5,4,4,2,"A combination of committee approval and senior sign-off, depending on deal size",Four or more stages,5,Absence of reliable transaction price databases for Nigerian property;Limited historical rental yield data by submarket and property type;Unreliable macroeconomic projections for use in scenario modelling;Lack of standardised property valuation and appraisal indices,Industry-wide standardisation of property valuation and performance reporting,Absence of reliable market data to support a quantitative approach;Established organisational precedent (prior acquisitions set the template);Investment committee preference for experienced judgment over model outputs;Regulatory uncertainty that makes long-term projections unreliable,Very Likely,It integrates directly with PenCom regulatory limits and flags compliance in real-time;It requires no significant technical expertise to operate;It is endorsed by a recognized industry body,Prefer not to say
2026/07/14 6:42:29 pm CET,Portfolio Manager/Fund Manager,3-5 years,₦500 billion – ₦2 trillion,11 - 25 properties,No — I do not directly participate in property selection,"Yes, partially — quantitative modelling is used alongside professional judgement",3,2,4,8,5,1,6,7,Agree,Strongly Agree,Agree,2,5,5,4,An investment committee reviews and formally approves all acquisition recommendations,"This varies considerably, and there is no standard process",5,Absence of reliable transaction price databases for Nigerian property;Difficulty obtaining comparable transactions with disclosed pricing,"Access to a reliable, comprehensive Nigerian real estate return and transaction database",Investment committee preference for experienced judgment over model outputs,Very Likely,It integrates directly with PenCom regulatory limits and flags compliance in real-time,Cost is not the primary consideration — Adoption depends on demonstrated value
2026/07/14 7:45:33 pm CET,Chief Investment Officer (CIO)/Head of Investment,11-15 years,Above ₦2 trillion,11 - 25 properties,"Yes — I provide analysis and recommendations that inform decisions, but final authority rests elsewhere","Yes, partially — quantitative modelling is used alongside professional judgement",1,2,3,6,4,5,8,7,Agree,Disagree,Disagree,2,5,4,2,"A combination of committee approval and senior sign-off, depending on deal size",Four or more stages,3,Absence of reliable transaction price databases for Nigerian property;Limited historical rental yield data by submarket and property type;No publicly available capital appreciation benchmarks,Industry-wide standardisation of property valuation and performance reporting,Established organisational precedent (prior acquisitions set the template);Investment committee preference for experienced judgment over model outputs;Regulatory uncertainty that makes long-term projections unreliable,Somewhat Likely,The tool is specifically validated against Nigerian Market Data,₦2 - 5 miliion per year
2026/07/15 8:13:56 am CET,Portfolio Manager/Fund Manager,6-10 years,Above ₦2 trillion,11 - 25 properties,No — I do not directly participate in property selection,I am not aware of this,1,2,3,4,5,6,7,8,Strongly Disagree,Strongly Disagree,Strongly Disagree,5,5,5,5,"A combination of committee approval and senior sign-off, depending on deal size","This varies considerably, and there is no standard process",5,Lack of standardised property valuation and appraisal indices,Clearer regulatory guidance from PenCom on real estate performance benchmarking,Absence of reliable market data to support a quantitative approach,Very Likely,It integrates directly with PenCom regulatory limits and flags compliance in real-time,Prefer not to say
2026/07/15 8:35:53 am CET,Investment Analyst,6-10 years,Above ₦2 trillion,11 - 25 properties,No — I do not directly participate in property selection,"Yes, fully — quantitative modelling is the primary basis for selection decisions",4,8,5,2,6,1,3,7,Disagree,Agree,Agree,5,4,3,2,An investment committee reviews and formally approves all acquisition recommendations,Two stages,5,Limited historical rental yield data by submarket and property type,Clearer regulatory guidance from PenCom on real estate performance benchmarking,Peer PFA behaviour providing a practical benchmark in the absence of data,Very Likely,It integrates directly with PenCom regulatory limits and flags compliance in real-time,Above ₦10 million per year
2026/07/15 8:50:20 am CET,Portfolio Manager/Fund Manager,6-10 years,Above ₦2 trillion,None (our fund does not currently hold direct property),No — I do not directly participate in property selection,I am not aware of this,3,6,2,4,5,8,7,1,Disagree,Disagree,Disagree,5,5,4,3,Senior management or the CIO makes the final decision based on a team recommendation,"This varies considerably, and there is no standard process",4,Absence of reliable transaction price databases for Nigerian property;Lack of standardised property valuation and appraisal indices;Weak or inconsistent title documentation on prospective properties;No publicly available capital appreciation benchmarks,Industry-wide standardisation of property valuation and performance reporting,Time pressure (acquisition decisions must be made faster than analysis allows);Established organisational precedent (prior acquisitions set the template);Investment committee preference for experienced judgment over model outputs,Very Likely,It is endorsed by a recognized industry body,Cost is not the primary consideration — Adoption depends on demonstrated value
2026/07/15 5:25:27 pm CET,Portfolio Manager/Fund Manager,6-10 years,₦500 billion – ₦2 trillion,4 - 10 properties,No — I do not directly participate in property selection,No — selection decisions are based primarily or entirely on judgement and experience,7,8,2,4,1,6,3,5,Strongly Agree,Strongly Agree,Agree,3,5,5,4,"A combination of committee approval and senior sign-off, depending on deal size",Three stages,5,Difficulty obtaining comparable transactions with disclosed pricing,Clearer regulatory guidance from PenCom on real estate performance benchmarking,Investment committee preference for experienced judgment over model outputs,Very Likely,The tool is specifically validated against Nigerian Market Data;It integrates directly with PenCom regulatory limits and flags compliance in real-time,₦6 - 10 million per year
2026/07/16 4:34:02 pm CET,Investment Analyst,6-10 years,Above ₦2 trillion,More than 25 properties,No — I do not directly participate in property selection,I am not aware of this,1,8,2,3,4,5,6,7,Strongly Agree,Strongly Agree,Strongly Agree,5,5,5,5,"A combination of committee approval and senior sign-off, depending on deal size","This varies considerably, and there is no standard process",5,Limited historical rental yield data by submarket and property type;Weak or inconsistent title documentation on prospective properties,Industry-wide standardisation of property valuation and performance reporting,Peer PFA behaviour providing a practical benchmark in the absence of data;Absence of reliable market data to support a quantitative approach;Established organisational precedent (prior acquisitions set the template);High deal complexity that resists standardised modelling,Very Likely,The tool is specifically validated against Nigerian Market Data;It requires no significant technical expertise to operate;It is endorsed by a recognized industry body,Cost is not the primary consideration — Adoption depends on demonstrated value
2026/07/20 12:51:18 AM GMT+1,Portfolio Manager/Fund Manager,More than 15 years,₦500 billion – ₦2 trillion,4 - 10 properties,"Yes — I provide analysis and recommendations that inform decisions, but final authority rests elsewhere","Yes, partially — quantitative modelling is used alongside professional judgement",2,1,3,4,5,8,7,6,Disagree,Disagree,Neutral,3,3,4,3,"A combination of committee approval and senior sign-off, depending on deal size",Three stages,5,Absence of reliable transaction price databases for Nigerian property;No publicly available capital appreciation benchmarks,Clearer regulatory guidance from PenCom on real estate performance benchmarking,Investment committee preference for experienced judgment over model outputs;Established organisational precedent (prior acquisitions set the template);Peer PFA behaviour providing a practical benchmark in the absence of data,Very Likely,The tool is specifically validated against Nigerian Market Data,₦2 - 5 miliion per year
2026/07/27 01:47:14 PM GMT+1,Portfolio Manager/Fund Manager,Less than 3 years,Below ₦500 billion,4 - 10 properties,No — I do not directly participate in property selection,"Yes, partially — quantitative modelling is used alongside professional judgement",2,1,3,4,5,8,7,6,Agree,Disagree,Neutral,4,3,5,4,Senior management or the CIO makes the final decision based on a team recommendation,"This varies considerably, and there is no standard process",5,Absence of reliable transaction price databases for Nigerian property;Difficulty obtaining comparable transactions with disclosed pricing,Decision-support software designed specifically for Nigerian institutional property investment,Investment committee preference for experienced judgment over model outputs;Established organisational precedent (prior acquisitions set the template),Very Likely,The tool is specifically validated against Nigerian Market Data;It requires no significant technical expertise to operate;It is endorsed by a recognized industry body,Cost is not the primary consideration — Adoption depends on demonstrated value
2026/07/30 01:27:05 PM GMT+1,Portfolio Manager/Fund Manager,6-10 years,Above ₦2 trillion,11 - 25 properties,No — I do not directly participate in property selection,"Yes, partially — quantitative modelling is used alongside professional judgement",3,1,2,4,5,8,7,6,Strongly Agree,Strongly Disagree,Neutral,3,5,5,3,An investment committee reviews and formally approves all acquisition recommendations,Four or more stages,4,Absence of reliable transaction price databases for Nigerian property;Limited historical rental yield data by submarket and property type;Lack of standardised property valuation and appraisal indices,Clearer regulatory guidance from PenCom on real estate performance benchmarking,Investment committee preference for experienced judgment over model outputs;Lack of in-house quantitative or modelling expertise;Time pressure (acquisition decisions must be made faster than analysis allows),Very Likely,It is endorsed by a recognized industry body,Prefer not to say
2026/07/25 02:12:37 PM GMT+1,Investment Analyst,Less than 3 years,₦500 billion – ₦2 trillion,11 - 25 properties,No — I do not directly participate in property selection,I am not aware of this,2,1,3,4,6,8,7,5,Disagree,Neutral,Agree,3,2,4,2,Senior management or the CIO makes the final decision based on a team recommendation,"This varies considerably, and there is no standard process",5,Absence of reliable transaction price databases for Nigerian property;Limited historical rental yield data by submarket and property type;Insufficient occupancy rate data by asset class and location,Industry-wide standardisation of property valuation and performance reporting,Investment committee preference for experienced judgment over model outputs;Peer PFA behaviour providing a practical benchmark in the absence of data;Time pressure (acquisition decisions must be made faster than analysis allows),Somewhat Likely,It requires no significant technical expertise to operate;It is endorsed by a recognized industry body,Cost is not the primary consideration — Adoption depends on demonstrated value
2026/07/23 06:05:40 PM GMT+1,Risk and Compliance Manager,6-10 years,₦500 billion – ₦2 trillion,11 - 25 properties,"Yes — I provide analysis and recommendations that inform decisions, but final authority rests elsewhere","Yes, fully — quantitative modelling is the primary basis for selection decisions",3,1,2,4,5,8,7,6,Strongly Disagree,Disagree,Strongly Agree,3,4,5,3,A dedicated real estate or property investment team reaches a consensus decision,"This varies considerably, and there is no standard process",4,Absence of reliable transaction price databases for Nigerian property;No publicly available capital appreciation benchmarks,Clearer regulatory guidance from PenCom on real estate performance benchmarking,Investment committee preference for experienced judgment over model outputs;Peer PFA behaviour providing a practical benchmark in the absence of data;Established organisational precedent (prior acquisitions set the template),Very Likely,It requires no significant technical expertise to operate;It is endorsed by a recognized industry body,Cost is not the primary consideration — Adoption depends on demonstrated value
2026/07/22 12:00:58 AM GMT+1,Portfolio Manager/Fund Manager,6-10 years,Above ₦2 trillion,4 - 10 properties,"Yes — I provide analysis and recommendations that inform decisions, but final authority rests elsewhere",I am not aware of this,2,1,3,5,4,7,8,6,Agree,Disagree,Agree,4,4,3,5,An investment committee reviews and formally approves all acquisition recommendations,Three stages,2,Absence of reliable transaction price databases for Nigerian property;Difficulty obtaining comparable transactions with disclosed pricing;Insufficient occupancy rate data by asset class and location;Limited historical rental yield data by submarket and property type,Clearer regulatory guidance from PenCom on real estate performance benchmarking,Investment committee preference for experienced judgment over model outputs;Peer PFA behaviour providing a practical benchmark in the absence of data,Very Likely,The tool is specifically validated against Nigerian Market Data,Cost is not the primary consideration — Adoption depends on demonstrated value
2026/07/26 01:26:22 PM GMT+1,Investment Analyst,3-5 years,₦500 billion – ₦2 trillion,None (our fund does not currently hold direct property),No — I do not directly participate in property selection,"Yes, partially — quantitative modelling is used alongside professional judgement",3,1,2,6,4,7,8,5,Strongly Disagree,Strongly Agree,Strongly Agree,4,3,4,4,Senior management or the CIO makes the final decision based on a team recommendation,"This varies considerably, and there is no standard process",5,Absence of reliable transaction price databases for Nigerian property;Lack of standardised property valuation and appraisal indices;No publicly available capital appreciation benchmarks,Clearer regulatory guidance from PenCom on real estate performance benchmarking,Regulatory uncertainty that makes long-term projections unreliable;Absence of reliable market data to support a quantitative approach;Investment committee preference for experienced judgment over model outputs,Very Likely,It requires no significant technical expertise to operate;It is endorsed by a recognized industry body;The tool is specifically validated against Nigerian Market Data,Cost is not the primary consideration — Adoption depends on demonstrated value
2026/07/21 11:41:43 AM GMT+1,Risk and Compliance Manager,6-10 years,Above ₦2 trillion,4 - 10 properties,No — I do not directly participate in property selection,"Yes, fully — quantitative modelling is the primary basis for selection decisions",4,1,2,3,5,8,7,6,Strongly Agree,Agree,Agree,4,4,3,3,An investment committee reviews and formally approves all acquisition recommendations,Three stages,5,Absence of reliable transaction price databases for Nigerian property;No publicly available capital appreciation benchmarks;Limited historical rental yield data by submarket and property type;Insufficient occupancy rate data by asset class and location,"Access to a reliable, comprehensive Nigerian real estate return and transaction database",Investment committee preference for experienced judgment over model outputs;Absence of reliable market data to support a quantitative approach,Somewhat Likely,It integrates directly with PenCom regulatory limits and flags compliance in real-time;It requires no significant technical expertise to operate;It is endorsed by a recognized industry body,₦2 - 5 miliion per year
