row_idx,a5,reason
0,C,Tier 2 exclusion: Respondent has no property selection decision authority (A5 = C)
1,C,Tier 2 exclusion: Respondent has no property selection decision authority (A5 = C)
2,C,Tier 2 exclusion: Respondent has no property selection decision authority (A5 = C)
6,C,Tier 2 exclusion: Respondent has no property selection decision authority (A5 = C)
7,C,Tier 2 exclusion: Respondent has no property selection decision authority (A5 = C)
8,C,Tier 2 exclusion: Respondent has no property selection decision authority (A5 = C)
9,C,Tier 2 exclusion: Respondent has no property selection decision authority (A5 = C)
11,C,Tier 2 exclusion: Respondent has no property selection decision authority (A5 = C)
12,C,Tier 2 exclusion: Respondent has no property selection decision authority (A5 = C)
13,C,Tier 2 exclusion: Respondent has no property selection decision authority (A5 = C)
14,C,Tier 2 exclusion: Respondent has no property selection decision authority (A5 = C)
15,C,Tier 2 exclusion: Respondent has no property selection decision authority (A5 = C)
17,C,Tier 2 exclusion: Respondent has no property selection decision authority (A5 = C)
18,C,Tier 2 exclusion: Respondent has no property selection decision authority (A5 = C)
19,C,Tier 2 exclusion: Respondent has no property selection decision authority (A5 = C)
22,C,Tier 2 exclusion: Respondent has no property selection decision authority (A5 = C)
23,C,Tier 2 exclusion: Respondent has no property selection decision authority (A5 = C)
